Company,Sector,Year,Ingresos_netos_ventas,Activos_financieros_corto_plazo,Efectivo_Equivalentes,Gastos_de_venta_y_distribución,Costo_mercancia_vendida,Soluciones_de_Pago,Soluciones_de_Nómina
"Agrana Fruit México S.A. DE C.V., EMIS",Alimentos y Bebidas,2019,1944648.4,0,0,0,0,0,0
"Agrana Fruit México S.A. DE C.V., EMIS",Alimentos y Bebidas,2020,2032678.75,0,131109.22,0,-1732958.02,-17329.5802,0
"Agrana Fruit México S.A. DE C.V., EMIS",Alimentos y Bebidas,2021,2509388.83,0,41561.92,0,-2030999.13,-20309.9913,0
"Agrana Fruit México S.A. DE C.V., EMIS",Alimentos y Bebidas,2022,2915817.66,0,109153.62,0,-2287417.11,-22874.1711,0
"Agrana Fruit México S.A. DE C.V., EMIS",Alimentos y Bebidas,2023,3010129.66,0,115761.21,0,-2418230.21,-24182.3021,0
"Alsea, S.A.B. DE C.V., EMIS",Alimentos y Bebidas,2019,58154617,704250,1921139,-28373040,-16896884,-168968.84,-283730.4
"Alsea, S.A.B. DE C.V., EMIS",Alimentos y Bebidas,2020,38495420,0,3932409,-20122855,-11454884,-114548.84,-201228.55
"Alsea, S.A.B. DE C.V., EMIS",Alimentos y Bebidas,2021,53379469,0,6893433,-24315140,-16753061,-167530.61,-243151.4
"Alsea, S.A.B. DE C.V., EMIS",Alimentos y Bebidas,2022,68831305,0,6086817,-32249225,-22629959,-226299.59,-322492.25
"Alsea, S.A.B. DE C.V., EMIS",Alimentos y Bebidas,2023,76231048,0,6409798,-35013832,-25398407,-253984.07,-350138.32
"Arca Continental, S.A.B. DE C.V., EMIS",Alimentos y Bebidas,2019,165040868,0,22051280,-56040404,-79791283,-797912.83,-560404.04
"Arca Continental, S.A.B. DE C.V., EMIS",Alimentos y Bebidas,2020,171585847,0,27335702,-57991834,-82434501,-824345.01,-579918.34
"Arca Continental, S.A.B. DE C.V., EMIS",Alimentos y Bebidas,2021,185746369,0,32116974,-61015692,-89579809,-895798.09,-610156.92
"Arca Continental, S.A.B. DE C.V., EMIS",Alimentos y Bebidas,2022,209961246,0,27761308,-68569460,-103178562,-1031785.62,-685694.6
"Arca Continental, S.A.B. DE C.V., EMIS",Alimentos y Bebidas,2023,215772223,0,22127959,-71354228,-103302739,-1033027.39,-713542.28
"Becle S.A.B. de C.V., EMIS",Alimentos y Bebidas,2019,29704781,0,9628169,-11007450,-12691835,-126918.35,-110074.5
"Becle S.A.B. de C.V., EMIS",Alimentos y Bebidas,2020,35036139,0,7646318,-12175813,-12274023,-122740.23,-121758.13
"Becle S.A.B. de C.V., EMIS",Alimentos y Bebidas,2021,39419400,0,12791283,-15075650,-16607684,-166076.84,-150756.5
"Becle S.A.B. de C.V., EMIS",Alimentos y Bebidas,2022,45729492,0,4520839,-16770194,-19061560,-190615.6,-167701.94
"Becle S.A.B. de C.V., EMIS",Alimentos y Bebidas,2023,44354594,0,6366670,-17986450,-18951867,-189518.67,-179864.5
"Bepensa Bebidas S.A. De C.V., EMIS",Alimentos y Bebidas,2019,15343734,0,669570,-4574799,-7717273,-77172.73,-45747.99
"Bepensa Bebidas S.A. De C.V., EMIS",Alimentos y Bebidas,2020,17939503,0,302215,-6519884,-8693107,-86931.07,-65198.84
"Bepensa Bebidas S.A. De C.V., EMIS",Alimentos y Bebidas,2021,19534805,0,404955,-7079441,-9496589,-94965.89,-70794.41
"Bepensa Bebidas S.A. De C.V., EMIS",Alimentos y Bebidas,2022,0,0,0,0,0,0,0
"Bepensa Bebidas S.A. De C.V., EMIS",Alimentos y Bebidas,2023,0,0,0,0,0,0,0
"Bodega De Granos El Alazán Y El Rocio S.A. DE C.V., EMIS",Alimentos y Bebidas,2019,0,0,0,0,0,0,0
"Bodega De Granos El Alazán Y El Rocio S.A. DE C.V., EMIS",Alimentos y Bebidas,2020,1555541.12,0,98788.51,0,-1305088.19,-13050.8819,0
"Bodega De Granos El Alazán Y El Rocio S.A. DE C.V., EMIS",Alimentos y Bebidas,2021,1823850.51,0,19055.94,0,-1522051.73,-15220.5173,0
"Bodega De Granos El Alazán Y El Rocio S.A. DE C.V., EMIS",Alimentos y Bebidas,2022,2197237.25,0,58119.23,0,-1936880.03,-19368.8003,0
"Bodega De Granos El Alazán Y El Rocio S.A. DE C.V., EMIS",Alimentos y Bebidas,2023,3093722.54,0,15681.6,0,-2628031.85,-26280.3185,0
"Casa Ley S.A.P.I. DE C.V., EMIS",Alimentos y Bebidas,2019,0,0,0,0,0,0,0
"Casa Ley S.A.P.I. DE C.V., EMIS",Alimentos y Bebidas,2020,46778533,0,1536842,0,-36129279,-361292.79,0
"Casa Ley S.A.P.I. DE C.V., EMIS",Alimentos y Bebidas,2021,0,0,0,0,0,0,0
"Casa Ley S.A.P.I. DE C.V., EMIS",Alimentos y Bebidas,2022,0,0,0,0,0,0,0
"Casa Ley S.A.P.I. DE C.V., EMIS",Alimentos y Bebidas,2023,0,0,0,0,0,0,0
"Cereales Y Pastas S.A. DE C.V., EMIS",Alimentos y Bebidas,2019,1936724.26,0,22691.33,-304292.98,-1517293.88,-15172.9388,-3042.9298
"Cereales Y Pastas S.A. DE C.V., EMIS",Alimentos y Bebidas,2020,2062426.57,0,42148.51,-229155.69,-1644534.77,-16445.3477,-2291.5569
"Cereales Y Pastas S.A. DE C.V., EMIS",Alimentos y Bebidas,2021,0,0,0,0,0,0,0
"Cereales Y Pastas S.A. DE C.V., EMIS",Alimentos y Bebidas,2022,0,0,0,0,0,0,0
"Cereales Y Pastas S.A. DE C.V., EMIS",Alimentos y Bebidas,2023,0,0,0,0,0,0,0
"Chilchota Alimentos S.A. DE C.V., EMIS",Alimentos y Bebidas,2019,4808325.37,0,30140.44,-249113.05,-4145183,-41451.83,-2491.1305
"Chilchota Alimentos S.A. DE C.V., EMIS",Alimentos y Bebidas,2020,5413723.22,0,7903.76,-277239.18,-4657446.99,-46574.4699,-2772.3918
"Chilchota Alimentos S.A. DE C.V., EMIS",Alimentos y Bebidas,2021,6423547.76,0,-50468.76,0,-5940416.69,-59404.1669,0
"Chilchota Alimentos S.A. DE C.V., EMIS",Alimentos y Bebidas,2022,6964809.54,0,-8454.3,-265764.65,-6180517.91,-61805.1791,-2657.6465
"Chilchota Alimentos S.A. DE C.V., EMIS",Alimentos y Bebidas,2023,0,0,0,0,0,0,0
"Coca-cola Femsa, S.A.B. DE C.V., EMIS",Embotelladora,2019,194471000,89000,20491000,-64917000,-57107000,-571070,-649170
"Coca-cola Femsa, S.A.B. DE C.V., EMIS",Embotelladora,2020,183615000,74000,43497000,-59048000,-90773000,-907730,-590480
"Coca-cola Femsa, S.A.B. DE C.V., EMIS",Embotelladora,2021,194804000,239000,47248000,-62565000,-96372000,-963720,-625650
"Coca-cola Femsa, S.A.B. DE C.V., EMIS",Embotelladora,2022,226740000,243000,40277000,-71186000,-116015000,-1160150,-711860
"Coca-cola Femsa, S.A.B. DE C.V., EMIS",Embotelladora,2023,245088000,304000,31060000,-79080000,-123697000,-1236970,-790800
"Compañía Comercial Cimaco S.A. DE C.V., EMIS",Comercio y Retail,2019,2415038.35,0,1040.75,-58655.25,-1519141.5,-15191.415,-586.5525
"Compañía Comercial Cimaco S.A. DE C.V., EMIS",Comercio y Retail,2020,2194505.01,0,6396.45,0,-1392566.81,-13925.6681,0
"Compañía Comercial Cimaco S.A. DE C.V., EMIS",Comercio y Retail,2021,2612311.19,0,9507.1,-56163.77,-1624217.34,-16242.1734,-561.6377
"Compañía Comercial Cimaco S.A. DE C.V., EMIS",Comercio y Retail,2022,2913921.91,0,31130.74,0,-1777478.66,-17774.7866,0
"Compañía Comercial Cimaco S.A. DE C.V., EMIS",Comercio y Retail,2023,3103323.93,0,39245.92,-60164.29,-1906666.29,-19066.6629,-601.6429
"Conservas La Costeña S.A. DE C.V., EMIS",Alimentos y Bebidas,2019,13567348,0,0,0,0,0,0
"Conservas La Costeña S.A. DE C.V., EMIS",Alimentos y Bebidas,2020,14068311,0,0,0,0,0,0
"Conservas La Costeña S.A. DE C.V., EMIS",Alimentos y Bebidas,2021,22200000,0,2000000,0,-14400000,-144000,0
"Conservas La Costeña S.A. DE C.V., EMIS",Alimentos y Bebidas,2022,0,0,0,0,0,0,0
"Conservas La Costeña S.A. DE C.V., EMIS",Alimentos y Bebidas,2023,0,0,0,0,0,0,0
"Controladora Mabe S.A. DE C.V., EMIS",Comercio y Retail,2019,17177591.88,0,4659457.4,0,-13518687.78,-135186.8778,0
"Controladora Mabe S.A. DE C.V., EMIS",Comercio y Retail,2020,22787466.6,0,756530.6,0,-17585044.98,-175850.4498,0
"Controladora Mabe S.A. DE C.V., EMIS",Comercio y Retail,2021,22979755.26,0,5710348.8,0,-18355409.1,-183554.091,0
"Controladora Mabe S.A. DE C.V., EMIS",Comercio y Retail,2022,4440000,0,178000,0,-3657000,-36570,0
"Controladora Mabe S.A. DE C.V., EMIS",Comercio y Retail,2023,4691000,0,127000,0,-3738000,-37380,0
"Distribuidora De Víveres S.A. DE C.V., EMIS",Comercio y Retail,2019,2922669.28,0,201163.59,0,-2409769.19,-24097.6919,0
"Distribuidora De Víveres S.A. DE C.V., EMIS",Comercio y Retail,2020,3177779.75,0,332897.47,0,-2598087.36,-25980.8736,0
"Distribuidora De Víveres S.A. DE C.V., EMIS",Comercio y Retail,2021,0,0,0,0,0,0,0
"Distribuidora De Víveres S.A. DE C.V., EMIS",Comercio y Retail,2022,0,0,0,0,0,0,0
"Distribuidora De Víveres S.A. DE C.V., EMIS",Comercio y Retail,2023,0,0,0,0,0,0,0
"Farmacias Benavides, S.A.B. DE C.V., EMIS",Comercio y Retail,2019,13910636,270655,218485,-3617170,-9732424,-97324.24,-36171.7
"Farmacias Benavides, S.A.B. DE C.V., EMIS",Comercio y Retail,2020,13868742,0,405483,-3978050,-8914932,-89149.32,-39780.5
"Farmacias Benavides, S.A.B. DE C.V., EMIS",Comercio y Retail,2021,14743060,0,495249,-3149010,-10306946,-103069.46,-31490.1
"Farmacias Benavides, S.A.B. DE C.V., EMIS",Comercio y Retail,2022,16217630,0,635538,-3225515,-11292973,-112929.73,-32255.15
"Farmacias Benavides, S.A.B. DE C.V., EMIS",Comercio y Retail,2023,17226004,0,677394,-3464174,-11930474,-119304.74,-34641.74
"Frutería Welton S.A. DE C.V., EMIS",Alimentos y Bebidas,2019,2492886.15,0,49618.37,0,-2282908.78,-22829.0878,0
"Frutería Welton S.A. DE C.V., EMIS",Alimentos y Bebidas,2020,2565198.41,0,35894.09,0,-2369021.85,-23690.2185,0
"Frutería Welton S.A. DE C.V., EMIS",Alimentos y Bebidas,2021,2771513.77,0,-61683.29,0,-2457379.23,-24573.7923,0
"Frutería Welton S.A. DE C.V., EMIS",Alimentos y Bebidas,2022,2772667.85,0,58637.8,0,-2537131.65,-25371.3165,0
"Frutería Welton S.A. DE C.V., EMIS",Alimentos y Bebidas,2023,0,0,0,0,0,0,0
"Gruma, S.A.B. DE C.V., EMIS",Alimentos y Bebidas,2019,4018595.35,4924.67,204122.15,-1011286.84,-2353615.31,-23536.1531,-10112.8684
"Gruma, S.A.B. DE C.V., EMIS",Alimentos y Bebidas,2020,4237826.02,0,310053.09,-1093096.26,-2445225.49,-24452.2549,-10930.9626
"Gruma, S.A.B. DE C.V., EMIS",Alimentos y Bebidas,2021,4646946,0,256416.56,-2147933.66,-1840849.03,-18408.4903,-21479.3366
"Gruma, S.A.B. DE C.V., EMIS",Alimentos y Bebidas,2022,5596621,0,283864,-1356742,-3420259,-34202.59,-13567.42
"Gruma, S.A.B. DE C.V., EMIS",Alimentos y Bebidas,2023,6576230,0,350046,-1538134,-4027571,-40275.71,-15381.34
"Grupo Axo, S.A.P.I. De C.V., EMIS",Comercio y Retail,2019,13186599,12392,1874608,-2468929,-6856170,-68561.7,-24689.29
"Grupo Axo, S.A.P.I. De C.V., EMIS",Comercio y Retail,2020,12867936,0,3715919,-2361987,-7320508,-73205.08,-23619.87
"Grupo Axo, S.A.P.I. De C.V., EMIS",Comercio y Retail,2021,16110676,4649,4551305,-2826231,-8657749,-86577.49,-28262.31
"Grupo Axo, S.A.P.I. De C.V., EMIS",Comercio y Retail,2022,19047566,0,4827687,-5516663,-9862765,-98627.65,-55166.63
"Grupo Axo, S.A.P.I. De C.V., EMIS",Comercio y Retail,2023,24708647,0,4353916,-7682528,-12213010,-122130.1,-76825.28
"Grupo Bimbo, S.A.B. DE C.V., EMIS",Alimentos y Bebidas,2019,291926000,0,6251000,-132419000,-124196000,-1241960,-1324190
"Grupo Bimbo, S.A.B. DE C.V., EMIS",Alimentos y Bebidas,2020,331051000,0,9268000,-153035000,-136149000,-1361490,-1530350
"Grupo Bimbo, S.A.B. DE C.V., EMIS",Alimentos y Bebidas,2021,348887000,0,8748000,-151186000,-147025000,-1470250,-1511860
"Grupo Bimbo, S.A.B. DE C.V., EMIS",Alimentos y Bebidas,2022,408821000,0,12313000,-170695000,-182079000,-1820790,-1706950
"Grupo Bimbo, S.A.B. DE C.V., EMIS",Alimentos y Bebidas,2023,399879000,0,6353000,-170078000,-176016000,-1760160,-1700780
"Grupo Herdez, S.A.B. DE C.V., Emis",Alimentos y Bebidas,2019,22420369,0,2309507,-6300512,-12490539,-124905.39,-63005.12
"Grupo Herdez, S.A.B. DE C.V., Emis",Alimentos y Bebidas,2020,24036279,0,3680580,-6256680,-14093157,-140931.57,-62566.8
"Grupo Herdez, S.A.B. DE C.V., Emis",Alimentos y Bebidas,2021,26153222,0,2216096,-6739000,-15604612,-156046.12,-67390
"Grupo Herdez, S.A.B. DE C.V., Emis",Alimentos y Bebidas,2022,31645704,0,2405829,-7541889,-19412568,-194125.68,-75418.89
"Grupo Herdez, S.A.B. DE C.V., Emis",Alimentos y Bebidas,2023,36212816,0,1986175,-9175254,-21002174,-210021.74,-91752.54
"Grupo Industrial Cuadritos Biotek S.A. DE C.V., EMIS",Alimentos y Bebidas,2019,1882166.81,0,0,0,0,0,0
"Grupo Industrial Cuadritos Biotek S.A. DE C.V., EMIS",Alimentos y Bebidas,2020,2413045.66,0,77962.28,-254804.94,-2029526.83,-20295.2683,-2548.0494
"Grupo Industrial Cuadritos Biotek S.A. DE C.V., EMIS",Alimentos y Bebidas,2021,2475660.65,0,41352.68,-269569.41,-1955169.61,-19551.6961,-2695.6941
"Grupo Industrial Cuadritos Biotek S.A. DE C.V., EMIS",Alimentos y Bebidas,2022,0,0,0,0,0,0,0
"Grupo Industrial Cuadritos Biotek S.A. DE C.V., EMIS",Alimentos y Bebidas,2023,0,0,0,0,0,0,0
"Grupo Julio S.A. DE C.V., EMIS",Comercio y Retail,2019,0,0,0,0,0,0,0
"Grupo Julio S.A. DE C.V., EMIS",Comercio y Retail,2020,780519.15,0,0,0,0,0,0
"Grupo Julio S.A. DE C.V., EMIS",Comercio y Retail,2021,1245761.06,0,0,0,0,0,0
"Grupo Julio S.A. DE C.V., EMIS",Comercio y Retail,2022,1702719.11,0,70122.01,-636220.24,-969197.03,-9691.9703,-6362.2024
"Grupo Julio S.A. DE C.V., EMIS",Comercio y Retail,2023,2007330.19,0,75993.67,-739196.9,-1113909.09,-11139.0909,-7391.969
"Grupo Sanborns, S.A.B. DE C.V., EMIS",Comercio y Retail,2019,53288479,784,1689392,-16022298,-18170889,-181708.89,-160222.98
"Grupo Sanborns, S.A.B. DE C.V., EMIS",Comercio y Retail,2020,39612874,0,3990572,-11985336,-24765294,-247652.94,-119853.36
"Grupo Sanborns, S.A.B. DE C.V., EMIS",Comercio y Retail,2021,52939372,0,7304948,-14526471,-33577734,-335777.34,-145264.71
"Grupo Sanborns, S.A.B. DE C.V., EMIS",Comercio y Retail,2022,64807342,0,8395504,-16163359,-41175845,-411758.45,-161633.59
"Grupo Sanborns, S.A.B. DE C.V., EMIS",Comercio y Retail,2023,73326668,0,6209095,-17042576,-47049426,-470494.26,-170425.76
"Grupo Sports World, S.A.B. DE C.V., EMIS",Comercio y Retail,2019,2014971,56583,32806,-1225086,0,0,-12250.86
"Grupo Sports World, S.A.B. DE C.V., EMIS",Comercio y Retail,2020,907122,0,99314,-885910,0,0,-8859.1
"Grupo Sports World, S.A.B. DE C.V., EMIS",Comercio y Retail,2021,648846,0,68520,-652018,0,0,-6520.18
"Grupo Sports World, S.A.B. DE C.V., EMIS",Comercio y Retail,2022,1307664,0,149046,-1026885,0,0,-10268.85
"Grupo Sports World, S.A.B. DE C.V., EMIS",Comercio y Retail,2023,1780845,0,103245,-1113164,0,0,-11131.64
"Harinas S.A. DE C.V., EMIS",Alimentos y Bebidas,2019,0,0,0,0,0,0,0
"Harinas S.A. DE C.V., EMIS",Alimentos y Bebidas,2020,2916869,0,339850,0,-2327951,-23279.51,0
"Harinas S.A. DE C.V., EMIS",Alimentos y Bebidas,2021,2950059,0,914435,0,-2188718,-21887.18,0
"Harinas S.A. DE C.V., EMIS",Alimentos y Bebidas,2022,0,0,0,0,0,0,0
"Harinas S.A. DE C.V., EMIS",Alimentos y Bebidas,2023,0,0,0,0,0,0,0
"Industrial Aceitera S.A. DE C.V., EMIS",Alimentos y Bebidas,2019,3846246.52,0,88119.29,-173225.5,-3202222.21,-32022.2221,-1732.255
"Industrial Aceitera S.A. DE C.V., EMIS",Alimentos y Bebidas,2020,4349637.11,0,161505.79,-184352.2,-3601612.55,-36016.1255,-1843.522
"Industrial Aceitera S.A. DE C.V., EMIS",Alimentos y Bebidas,2021,6055908.75,0,860805.13,-46676.1,-5124385.67,-51243.8567,-466.761
"Industrial Aceitera S.A. DE C.V., EMIS",Alimentos y Bebidas,2022,7816706.41,0,292128.61,-207873.24,-6840235.55,-68402.3555,-2078.7324
"Industrial Aceitera S.A. DE C.V., EMIS",Alimentos y Bebidas,2023,6779487.05,0,446622.43,-213297.52,-5761869.69,-57618.6969,-2132.9752
"Industrias Bachoco S.A. De C.V., EMIS",Alimentos y Bebidas,2019,61655245,5555903,13106862,-17490951,-39823395,-398233.95,-174909.51
"Industrias Bachoco S.A. De C.V., EMIS",Alimentos y Bebidas,2020,68792002,0,17286374,-18801413,-44603090,-446030.9,-188014.13
"Industrias Bachoco S.A. De C.V., EMIS",Alimentos y Bebidas,2021,81699068,0,19136443,-21043437,-54033215,-540332.15,-210434.37
"Industrias Bachoco S.A. De C.V., EMIS",Alimentos y Bebidas,2022,98890655,0,18698892,-24945447,-64974640,-649746.4,-249454.47
"Industrias Bachoco S.A. De C.V., EMIS",Alimentos y Bebidas,2023,93990880,0,16640799,-27557197,-60133606,-601336.06,-275571.97
"Ingenio El Mante S.A. DE C.V., EMIS",Alimentos y Bebidas,2019,128109.84,0,2500.73,0,-135550.73,-1355.5073,0
"Ingenio El Mante S.A. DE C.V., EMIS",Alimentos y Bebidas,2020,139059.68,0,9872.92,0,-140892.41,-1408.9241,0
"Ingenio El Mante S.A. DE C.V., EMIS",Alimentos y Bebidas,2021,0,0,0,0,0,0,0
"Ingenio El Mante S.A. DE C.V., EMIS",Alimentos y Bebidas,2022,0,0,0,0,0,0,0
"Ingenio El Mante S.A. DE C.V., EMIS",Alimentos y Bebidas,2023,0,0,0,0,0,0,0
"Ingenio Tala S.A. DE C.V., EMIS",Alimentos y Bebidas,2019,3466342,0,35412,-12705,-3047950,-30479.5,-127.05
"Ingenio Tala S.A. DE C.V., EMIS",Alimentos y Bebidas,2020,4236887,0,22331,-37619,-3862380,-38623.8,-376.19
"Ingenio Tala S.A. DE C.V., EMIS",Alimentos y Bebidas,2021,0,0,0,0,0,0,0
"Ingenio Tala S.A. DE C.V., EMIS",Alimentos y Bebidas,2022,0,0,0,0,0,0,0
"Ingenio Tala S.A. DE C.V., EMIS",Alimentos y Bebidas,2023,0,0,0,0,0,0,0
"La Comer S.A.B. DE C.V., EMIS",Alimentos y Bebidas,2019,21591397,1766016,625396,-4014797,-15667261,-156672.61,-40147.97
"La Comer S.A.B. DE C.V., EMIS",Alimentos y Bebidas,2020,27020615,2373727,666639,-5674018,-18728629,-187286.29,-56740.18
"La Comer S.A.B. DE C.V., EMIS",Alimentos y Bebidas,2021,28906304,0,2535787,-6318558,-19764772,-197647.72,-63185.58
"La Comer S.A.B. DE C.V., EMIS",Alimentos y Bebidas,2022,33435659,0,2077661,-6018162,-24022889,-240228.89,-60181.62
"La Comer S.A.B. DE C.V., EMIS",Alimentos y Bebidas,2023,38465266,0,2313821,-7234304,-27410931,-274109.31,-72343.04
"La Cosmopolitana S.A. DE C.V., EMIS",Alimentos y Bebidas,2019,4628024.88,0,388485,-227384.94,-2968841.88,-29688.4188,-2273.8494
"La Cosmopolitana S.A. DE C.V., EMIS",Alimentos y Bebidas,2020,4048569.36,0,166594.37,-167602.81,-2705391.83,-27053.9183,-1676.0281
"La Cosmopolitana S.A. DE C.V., EMIS",Alimentos y Bebidas,2021,4695221.23,0,153944.47,-228642.56,-3269061.59,-32690.6159,-2286.4256
"La Cosmopolitana S.A. DE C.V., EMIS",Alimentos y Bebidas,2022,4462244.91,0,320526.68,-208045.01,-3058092.89,-30580.9289,-2080.4501
"La Cosmopolitana S.A. DE C.V., EMIS",Alimentos y Bebidas,2023,4324143.08,0,137141.61,0,-2900305.85,-29003.0585,0
"La Misión Supermercados S.A. De C.V., EMIS",Alimentos y Bebidas,2019,0,0,0,0,0,0,0
"La Misión Supermercados S.A. De C.V., EMIS",Alimentos y Bebidas,2020,45941.04,0,1310.83,0,-34630.55,-346.3055,0
"La Misión Supermercados S.A. De C.V., EMIS",Alimentos y Bebidas,2021,48904.96,0,1484.24,0,-37615.76,-376.1576,0
"La Misión Supermercados S.A. De C.V., EMIS",Alimentos y Bebidas,2022,0,0,0,0,0,0,0
"La Misión Supermercados S.A. De C.V., EMIS",Alimentos y Bebidas,2023,0,0,0,0,0,0,0
"Leche 19 Diecinueve Hermanos S.A. DE C.V., EMIS",Alimentos y Bebidas,2019,4876577.6,0,62697.89,-459983.33,-4236790.25,-42367.9025,-4599.8333
"Leche 19 Diecinueve Hermanos S.A. DE C.V., EMIS",Alimentos y Bebidas,2020,5135589.71,0,137760.91,0,-4154678.95,-41546.7895,0
"Leche 19 Diecinueve Hermanos S.A. DE C.V., EMIS",Alimentos y Bebidas,2021,5707718.56,0,0,0,0,0,0
"Leche 19 Diecinueve Hermanos S.A. DE C.V., EMIS",Alimentos y Bebidas,2022,7073584.62,0,95150.89,-618322.81,-6013343.89,-60133.4389,-6183.2281
"Leche 19 Diecinueve Hermanos S.A. DE C.V., EMIS",Alimentos y Bebidas,2023,7135905.2,0,68213.93,-655063.83,-5745529.66,-57455.2966,-6550.6383
"Liconsa S.A. De C.V., EMIS",Alimentos y Bebidas,2019,259776.18,0,63122.48,-37037.3,-380335.67,-3803.3567,-370.373
"Liconsa S.A. De C.V., EMIS",Alimentos y Bebidas,2020,239055.84,0,74010.69,-72783.8,-375340.09,-3753.4009,-727.838
"Liconsa S.A. De C.V., EMIS",Alimentos y Bebidas,2021,0,0,0,0,0,0,0
"Liconsa S.A. De C.V., EMIS",Alimentos y Bebidas,2022,0,0,0,0,0,0,0
"Liconsa S.A. De C.V., EMIS",Alimentos y Bebidas,2023,0,0,0,0,0,0,0
"Maxiva S.A. DE C.V., EMIS",Comercio y Retail,2019,85583.84,0,2585.45,0,-39829.5,-398.295,0
"Maxiva S.A. DE C.V., EMIS",Comercio y Retail,2020,97702.08,0,4283.1,0,-43369.66,-433.6966,0
"Maxiva S.A. DE C.V., EMIS",Comercio y Retail,2021,109281.05,0,1200.88,0,-49231.08,-492.3108,0
"Maxiva S.A. DE C.V., EMIS",Comercio y Retail,2022,139931.05,0,624.62,0,-65987.81,-659.8781,0
"Maxiva S.A. DE C.V., EMIS",Comercio y Retail,2023,0,0,0,0,0,0,0
"Mexicana De Industrias Y Marcas S.A.P.I. DE C.V., EMIS",Alimentos y Bebidas,2019,94614.37,0,0,0,0,0,0
"Mexicana De Industrias Y Marcas S.A.P.I. DE C.V., EMIS",Alimentos y Bebidas,2020,129561.64,0,0,0,0,0,0
"Mexicana De Industrias Y Marcas S.A.P.I. DE C.V., EMIS",Alimentos y Bebidas,2021,173215.43,0,7462.28,-12260.81,-150910.13,-1509.1013,-122.6081
"Mexicana De Industrias Y Marcas S.A.P.I. DE C.V., EMIS",Alimentos y Bebidas,2022,247447.03,0,6798.4,-18509.09,-201740.13,-2017.4013,-185.0909
"Mexicana De Industrias Y Marcas S.A.P.I. DE C.V., EMIS",Alimentos y Bebidas,2023,0,0,0,0,0,0,0
"Munsa Molinos S.A. De C.V., EMIS",Alimentos y Bebidas,2019,0,0,0,0,0,0,0
"Munsa Molinos S.A. De C.V., EMIS",Alimentos y Bebidas,2020,0,0,0,0,0,0,0
"Munsa Molinos S.A. De C.V., EMIS",Alimentos y Bebidas,2021,0,0,0,0,0,0,0
"Munsa Molinos S.A. De C.V., EMIS",Alimentos y Bebidas,2022,0,0,0,0,0,0,0
"Munsa Molinos S.A. De C.V., EMIS",Alimentos y Bebidas,2023,0,0,0,0,0,0,0
"Organizacion Soriana, S.A.B. DE C.V., EMIS",Alimentos y Bebidas,2019,152060000,0,1921000,-25477000,-118030000,-1180300,-254770
"Organizacion Soriana, S.A.B. DE C.V., EMIS",Alimentos y Bebidas,2020,153995000,0,7627000,-25008000,-92703000,-927030,-250080
"Organizacion Soriana, S.A.B. DE C.V., EMIS",Alimentos y Bebidas,2021,152131000,0,9901000,-24837000,-118344000,-1183440,-248370
"Organizacion Soriana, S.A.B. DE C.V., EMIS",Alimentos y Bebidas,2022,162495000,0,10280000,-27296000,-126366000,-1263660,-272960
"Organizacion Soriana, S.A.B. DE C.V., EMIS",Alimentos y Bebidas,2023,171234000,0,6746000,-30695000,-132950000,-1329500,-306950
"Pasteurizadora Maulec S.A.P.I. DE C.V., EMIS",Alimentos y Bebidas,2019,3228083.07,0,0,0,0,0,0
"Pasteurizadora Maulec S.A.P.I. DE C.V., EMIS",Alimentos y Bebidas,2020,3382757.89,0,77293.48,-281583.9,-2580480.89,-25804.8089,-2815.839
"Pasteurizadora Maulec S.A.P.I. DE C.V., EMIS",Alimentos y Bebidas,2021,3658325.61,0,97959.53,-322876.99,-2666697.04,-26666.9704,-3228.7699
"Pasteurizadora Maulec S.A.P.I. DE C.V., EMIS",Alimentos y Bebidas,2022,4481409.39,0,39300.79,-427863.88,-3669105.66,-36691.0566,-4278.6388
"Pasteurizadora Maulec S.A.P.I. DE C.V., EMIS",Alimentos y Bebidas,2023,4722111.84,0,335474.36,-374149.19,-3629861.77,-36298.6177,-3741.4919
"Pc Online S.A. DE C.V., EMIS",Comercio y Retail,2019,795487.78,0,3920.43,-28824.21,-685616.8,-6856.168,-288.2421
"Pc Online S.A. DE C.V., EMIS",Comercio y Retail,2020,1535376.11,0,7356.84,-78020.6,-1259988.97,-12599.8897,-780.206
"Pc Online S.A. DE C.V., EMIS",Comercio y Retail,2021,1848258.86,0,53858.53,-99111.91,-1626900.77,-16269.0077,-991.1191
"Pc Online S.A. DE C.V., EMIS",Comercio y Retail,2022,1908473.5,0,37198.19,-120693.6,-1666587.39,-16665.8739,-1206.936
"Pc Online S.A. DE C.V., EMIS",Comercio y Retail,2023,1960401.59,0,43362.39,-110894.88,-1691048.76,-16910.4876,-1108.9488
"Proan Alimentos S. DE R.L. DE C.V., EMIS",Alimentos y Bebidas,2019,1051138.64,0,7478.41,0,-759947.18,-7599.4718,0
"Proan Alimentos S. DE R.L. DE C.V., EMIS",Alimentos y Bebidas,2020,0,0,0,0,0,0,0
"Proan Alimentos S. DE R.L. DE C.V., EMIS",Alimentos y Bebidas,2021,0,0,0,0,0,0,0
"Proan Alimentos S. DE R.L. DE C.V., EMIS",Alimentos y Bebidas,2022,1966958.2,0,21179.17,0,-1468907.84,-14689.0784,0
"Proan Alimentos S. DE R.L. DE C.V., EMIS",Alimentos y Bebidas,2023,2051329.56,0,73907.82,-184569,-1418742.44,-14187.4244,-1845.69
"Salchichas Y Jamones De México S.A. DE C.V., EMIS",Alimentos y Bebidas,2019,129435.03,0,0,0,0,0,0
"Salchichas Y Jamones De México S.A. DE C.V., EMIS",Alimentos y Bebidas,2020,122412.71,0,2105.64,0,-88914.47,-889.1447,0
"Salchichas Y Jamones De México S.A. DE C.V., EMIS",Alimentos y Bebidas,2021,132897.99,0,3533.92,0,-88578.64,-885.7864,0
"Salchichas Y Jamones De México S.A. DE C.V., EMIS",Alimentos y Bebidas,2022,0,0,0,0,0,0,0
"Salchichas Y Jamones De México S.A. DE C.V., EMIS",Alimentos y Bebidas,2023,0,0,0,0,0,0,0
"Sigma Alimentos S.A. De C.V. (San Pedro Garza García), EMIS",Alimentos y Bebidas,2019,106340864,123973,12837614,-35320489,-58919080,-589190.8,-353204.89
"Sigma Alimentos S.A. De C.V. (San Pedro Garza García), EMIS",Alimentos y Bebidas,2020,114222039,84855,12807070,-23683313,-82748224,-827482.24,-236833.13
"Sigma Alimentos S.A. De C.V. (San Pedro Garza García), EMIS",Alimentos y Bebidas,2021,121899819,0,12301636,-19988760,-87781317,-877813.17,-199887.6
"Sigma Alimentos S.A. De C.V. (San Pedro Garza García), EMIS",Alimentos y Bebidas,2022,149310667,6500,13208493,-48756304,-88060463,-880604.63,-487563.04
"Sigma Alimentos S.A. De C.V. (San Pedro Garza García), EMIS",Alimentos y Bebidas,2023,150837832,6500,10562615,-52986872,-84169299,-841692.99,-529868.72
"Tequila Sauza S. DE R.L. DE C.V., EMIS",Alimentos y Bebidas,2019,4601891.31,0,133549.32,0,-4434873.48,-44348.7348,0
"Tequila Sauza S. DE R.L. DE C.V., EMIS",Alimentos y Bebidas,2020,3963597.34,0,114790.54,0,-3888152.01,-38881.5201,0
"Tequila Sauza S. DE R.L. DE C.V., EMIS",Alimentos y Bebidas,2021,0,0,0,0,0,0,0
"Tequila Sauza S. DE R.L. DE C.V., EMIS",Alimentos y Bebidas,2022,0,0,0,0,0,0,0
"Tequila Sauza S. DE R.L. DE C.V., EMIS",Alimentos y Bebidas,2023,0,0,0,0,0,0,0
"Tony Tiendas S.A. DE C.V., EMIS",Comercio y Retail,2019,5587771.56,0,45519.57,0,-4448241.86,-44482.4186,0
"Tony Tiendas S.A. DE C.V., EMIS",Comercio y Retail,2020,5821626.04,0,43689.62,0,-4661208.26,-46612.0826,0
"Tony Tiendas S.A. DE C.V., EMIS",Comercio y Retail,2021,4646756.7,0,0,0,0,0,0
"Tony Tiendas S.A. DE C.V., EMIS",Comercio y Retail,2022,6403200.6,0,5313.91,0,-4695245.65,-46952.4565,0
"Tony Tiendas S.A. DE C.V., EMIS",Comercio y Retail,2023,6623213.17,0,4782.5,0,-4593264.55,-45932.6455,0
"Vinos América S.A. DE C.V., EMIS",Alimentos y Bebidas,2019,1158425.8,0,5292.91,0,-1039413.01,-10394.1301,0
"Vinos América S.A. DE C.V., EMIS",Alimentos y Bebidas,2020,1317928.9,0,3485.08,0,-1156077.98,-11560.7798,0
"Vinos América S.A. DE C.V., EMIS",Alimentos y Bebidas,2021,1217177.77,0,13184.05,0,-1016866.58,-10168.6658,0
"Vinos América S.A. DE C.V., EMIS",Alimentos y Bebidas,2022,2308480.99,0,31101.57,0,-1926945.73,-19269.4573,0
"Vinos América S.A. DE C.V., EMIS",Alimentos y Bebidas,2023,2160888.91,0,16685.41,0,-1782617.48,-17826.1748,0
